frame_id,object_index,class,range_m,yaw_deg,baseline_support,visible_points,retained_points,retention_pct
000001,2,Cyclist,45.84,0.0,18,18,18,100.0
000001,2,Cyclist,45.84,0.5,18,18,10,55.556
000001,2,Cyclist,45.84,1.0,18,18,0,0.0
000001,2,Cyclist,45.84,2.0,18,18,0,0.0
000001,2,Cyclist,45.84,3.0,18,18,0,0.0
000004,0,Car,38.26,0.0,77,77,77,100.0
000004,0,Car,38.26,0.5,77,77,75,97.403
000004,0,Car,38.26,1.0,77,77,65,84.416
000004,0,Car,38.26,2.0,77,77,47,61.039
000004,0,Car,38.26,3.0,77,77,21,27.273
000007,0,Car,25.01,0.0,191,191,191,100.0
000007,1,Car,47.55,0.0,19,19,19,100.0
000007,3,Cyclist,34.09,0.0,25,25,25,100.0
000007,0,Car,25.01,0.5,191,191,172,90.052
000007,1,Car,47.55,0.5,19,19,13,68.421
000007,3,Cyclist,34.09,0.5,25,25,24,96.0
000007,0,Car,25.01,1.0,191,191,150,78.534
000007,1,Car,47.55,1.0,19,19,10,52.632
000007,3,Cyclist,34.09,1.0,25,25,11,44.0
000007,0,Car,25.01,2.0,191,191,98,51.309
000007,1,Car,47.55,2.0,19,19,1,5.263
000007,3,Cyclist,34.09,2.0,25,25,0,0.0
000007,0,Car,25.01,3.0,191,191,42,21.99
000007,1,Car,47.55,3.0,19,19,0,0.0
000007,3,Cyclist,34.09,3.0,25,25,0,0.0
000008,1,Car,7.86,0.0,1940,1940,1940,100.0
000008,2,Car,6.15,0.0,871,871,871,100.0
000008,3,Car,14.44,0.0,668,668,668,100.0
000008,4,Car,33.2,0.0,53,53,53,100.0
000008,5,Car,19.96,0.0,164,164,164,100.0
000008,1,Car,7.86,0.5,1940,1940,1940,100.0
000008,2,Car,6.15,0.5,871,871,871,100.0
000008,3,Car,14.44,0.5,668,668,668,100.0
000008,4,Car,33.2,0.5,53,53,48,90.566
000008,5,Car,19.96,0.5,164,164,162,98.78
000008,1,Car,7.86,1.0,1940,1940,1940,100.0
000008,2,Car,6.15,1.0,871,871,869,99.77
000008,3,Car,14.44,1.0,668,668,655,98.054
000008,4,Car,33.2,1.0,53,53,40,75.472
000008,5,Car,19.96,1.0,164,164,142,86.585
000008,1,Car,7.86,2.0,1940,1940,1928,99.381
000008,2,Car,6.15,2.0,871,871,837,96.096
000008,3,Car,14.44,2.0,668,668,577,86.377
000008,4,Car,33.2,2.0,53,53,17,32.075
000008,5,Car,19.96,2.0,164,164,99,60.366
000008,1,Car,7.86,3.0,1940,1940,1894,97.629
000008,2,Car,6.15,3.0,871,871,817,93.8
000008,3,Car,14.44,3.0,668,668,487,72.904
000008,4,Car,33.2,3.0,53,53,3,5.66
000008,5,Car,19.96,3.0,164,164,62,37.805
000009,0,Car,23.88,0.0,219,219,219,100.0
000009,0,Car,23.88,0.5,219,219,203,92.694
000009,0,Car,23.88,1.0,219,219,180,82.192
000009,0,Car,23.88,2.0,219,219,120,54.795
000009,0,Car,23.88,3.0,219,219,66,30.137
000010,0,Car,5.2,0.0,277,277,277,100.0
000010,1,Car,11.8,0.0,1016,1016,1016,100.0
000010,2,Pedestrian,23.51,0.0,23,23,23,100.0
000010,3,Car,16.5,0.0,340,340,340,100.0
000010,4,Car,22.05,0.0,48,48,48,100.0
000010,5,Car,23.64,0.0,246,246,246,100.0
000010,6,Car,29.07,0.0,55,55,55,100.0
000010,7,Car,28.53,0.0,33,33,33,100.0
000010,8,Car,42.85,0.0,20,20,20,100.0
000010,0,Car,5.2,0.5,277,277,276,99.639
000010,1,Car,11.8,0.5,1016,1016,1016,100.0
000010,2,Pedestrian,23.51,0.5,23,23,19,82.609
000010,3,Car,16.5,0.5,340,340,339,99.706
000010,4,Car,22.05,0.5,48,48,47,97.917
000010,5,Car,23.64,0.5,246,246,246,100.0
000010,6,Car,29.07,0.5,55,55,55,100.0
000010,7,Car,28.53,0.5,33,33,27,81.818
000010,8,Car,42.85,0.5,20,20,20,100.0
000010,0,Car,5.2,1.0,277,277,269,97.112
000010,1,Car,11.8,1.0,1016,1016,1016,100.0
000010,2,Pedestrian,23.51,1.0,23,23,7,30.435
000010,3,Car,16.5,1.0,340,340,326,95.882
000010,4,Car,22.05,1.0,48,48,30,62.5
000010,5,Car,23.64,1.0,246,246,232,94.309
000010,6,Car,29.07,1.0,55,55,53,96.364
000010,7,Car,28.53,1.0,33,33,19,57.576
000010,8,Car,42.85,1.0,20,20,17,85.0
000010,0,Car,5.2,2.0,277,277,231,83.394
000010,1,Car,11.8,2.0,1016,1016,984,96.85
000010,2,Pedestrian,23.51,2.0,23,23,0,0.0
000010,3,Car,16.5,2.0,340,340,297,87.353
000010,4,Car,22.05,2.0,48,48,12,25.0
000010,5,Car,23.64,2.0,246,246,187,76.016
000010,6,Car,29.07,2.0,55,55,49,89.091
000010,7,Car,28.53,2.0,33,33,4,12.121
000010,8,Car,42.85,2.0,20,20,5,25.0
000010,0,Car,5.2,3.0,277,277,200,72.202
000010,1,Car,11.8,3.0,1016,1016,923,90.846
000010,2,Pedestrian,23.51,3.0,23,23,0,0.0
000010,3,Car,16.5,3.0,340,340,237,69.706
000010,4,Car,22.05,3.0,48,48,6,12.5
000010,5,Car,23.64,3.0,246,246,129,52.439
000010,6,Car,29.07,3.0,55,55,33,60.0
000010,7,Car,28.53,3.0,33,33,0,0.0
000010,8,Car,42.85,3.0,20,20,2,10.0
000011,0,Pedestrian,12.42,0.0,150,150,150,100.0
000011,1,Pedestrian,13.43,0.0,35,35,35,100.0
000011,2,Car,26.64,0.0,208,208,208,100.0
000011,3,Pedestrian,34.08,0.0,40,40,40,100.0
000011,5,Pedestrian,15.95,0.0,81,81,81,100.0
000011,0,Pedestrian,12.42,0.5,150,150,140,93.333
000011,1,Pedestrian,13.43,0.5,35,35,35,100.0
000011,2,Car,26.64,0.5,208,208,199,95.673
000011,3,Pedestrian,34.08,0.5,40,40,21,52.5
000011,5,Pedestrian,15.95,0.5,81,81,66,81.481
000011,0,Pedestrian,12.42,1.0,150,150,123,82.0
000011,1,Pedestrian,13.43,1.0,35,35,35,100.0
000011,2,Car,26.64,1.0,208,208,178,85.577
000011,3,Pedestrian,34.08,1.0,40,40,3,7.5
000011,5,Pedestrian,15.95,1.0,81,81,28,34.568
000011,0,Pedestrian,12.42,2.0,150,150,43,28.667
000011,1,Pedestrian,13.43,2.0,35,35,21,60.0
000011,2,Car,26.64,2.0,208,208,127,61.058
000011,3,Pedestrian,34.08,2.0,40,40,0,0.0
000011,5,Pedestrian,15.95,2.0,81,81,0,0.0
000011,0,Pedestrian,12.42,3.0,150,150,9,6.0
000011,1,Pedestrian,13.43,3.0,35,35,6,17.143
000011,2,Car,26.64,3.0,208,208,76,36.538
000011,3,Pedestrian,34.08,3.0,40,40,0,0.0
000011,5,Pedestrian,15.95,3.0,81,81,0,0.0
000015,1,Pedestrian,7.59,0.0,371,371,371,100.0
000015,2,Pedestrian,24.14,0.0,49,49,49,100.0
000015,3,Pedestrian,24.22,0.0,59,59,59,100.0
000015,4,Pedestrian,23.3,0.0,66,66,66,100.0
000015,1,Pedestrian,7.59,0.5,371,371,327,88.14
000015,2,Pedestrian,24.14,0.5,49,49,19,38.776
000015,3,Pedestrian,24.22,0.5,59,59,31,52.542
000015,4,Pedestrian,23.3,0.5,66,66,50,75.758
000015,1,Pedestrian,7.59,1.0,371,371,264,71.159
000015,2,Pedestrian,24.14,1.0,49,49,0,0.0
000015,3,Pedestrian,24.22,1.0,59,59,6,10.169
000015,4,Pedestrian,23.3,1.0,66,66,17,25.758
000015,1,Pedestrian,7.59,2.0,371,371,120,32.345
000015,2,Pedestrian,24.14,2.0,49,49,0,0.0
000015,3,Pedestrian,24.22,2.0,59,59,0,0.0
000015,4,Pedestrian,23.3,2.0,66,66,0,0.0
000015,1,Pedestrian,7.59,3.0,371,371,20,5.391
000015,2,Pedestrian,24.14,3.0,49,49,0,0.0
000015,3,Pedestrian,24.22,3.0,59,59,0,0.0
000015,4,Pedestrian,23.3,3.0,66,66,0,0.0
000016,0,Car,44.41,0.0,24,24,24,100.0
000016,1,Truck,26.41,0.0,1973,1973,1973,100.0
000016,2,Car,33.13,0.0,51,51,51,100.0
000016,3,Car,6.05,0.0,1761,1761,1761,100.0
000016,4,Car,46.74,0.0,10,10,10,100.0
000016,0,Car,44.41,0.5,24,24,18,75.0
000016,1,Truck,26.41,0.5,1973,1973,1964,99.544
000016,2,Car,33.13,0.5,51,51,46,90.196
000016,3,Car,6.05,0.5,1761,1713,1706,96.877
000016,4,Car,46.74,0.5,10,10,8,80.0
000016,0,Car,44.41,1.0,24,24,11,45.833
000016,1,Truck,26.41,1.0,1973,1973,1932,97.922
000016,2,Car,33.13,1.0,51,51,38,74.51
000016,3,Car,6.05,1.0,1761,1648,1642,93.242
000016,4,Car,46.74,1.0,10,10,7,70.0
000016,0,Car,44.41,2.0,24,24,0,0.0
000016,1,Truck,26.41,2.0,1973,1973,1872,94.881
000016,2,Car,33.13,2.0,51,51,22,43.137
000016,3,Car,6.05,2.0,1761,1520,1516,86.087
000016,4,Car,46.74,2.0,10,10,1,10.0
000016,0,Car,44.41,3.0,24,24,0,0.0
000016,1,Truck,26.41,3.0,1973,1973,1802,91.333
000016,2,Car,33.13,3.0,51,51,1,1.961
000016,3,Car,6.05,3.0,1761,1403,1397,79.33
000016,4,Car,46.74,3.0,10,10,0,0.0
000019,0,Truck,5.46,0.0,4862,4862,4862,100.0
000019,1,Car,9.72,0.0,1236,1236,1236,100.0
000019,2,Van,35.34,0.0,106,106,106,100.0
000019,0,Truck,5.46,0.5,4862,4774,4765,98.005
000019,1,Car,9.72,0.5,1236,1236,1236,100.0
000019,2,Van,35.34,0.5,106,106,99,93.396
000019,0,Truck,5.46,1.0,4862,4689,4683,96.318
000019,1,Car,9.72,1.0,1236,1236,1226,99.191
000019,2,Van,35.34,1.0,106,106,78,73.585
000019,0,Truck,5.46,2.0,4862,4489,4487,92.287
000019,1,Car,9.72,2.0,1236,1236,1162,94.013
000019,2,Van,35.34,2.0,106,106,42,39.623
000019,0,Truck,5.46,3.0,4862,4290,4283,88.091
000019,1,Car,9.72,3.0,1236,1236,1098,88.835
000019,2,Van,35.34,3.0,106,106,13,12.264
000021,1,Car,13.3,0.0,850,850,850,100.0
000021,2,Car,17.6,0.0,238,238,238,100.0
000021,3,Van,21.3,0.0,964,964,964,100.0
000021,4,Car,25.97,0.0,176,176,176,100.0
000021,5,Car,26.83,0.0,113,113,113,100.0
000021,6,Car,32.13,0.0,50,50,50,100.0
000021,7,Car,31.78,0.0,28,28,28,100.0
000021,1,Car,13.3,0.5,850,850,850,100.0
000021,2,Car,17.6,0.5,238,238,238,100.0
000021,3,Van,21.3,0.5,964,964,963,99.896
000021,4,Car,25.97,0.5,176,176,175,99.432
000021,5,Car,26.83,0.5,113,113,113,100.0
000021,6,Car,32.13,0.5,50,50,47,94.0
000021,7,Car,31.78,0.5,28,28,28,100.0
000021,1,Car,13.3,1.0,850,850,845,99.412
000021,2,Car,17.6,1.0,238,238,238,100.0
000021,3,Van,21.3,1.0,964,964,923,95.747
000021,4,Car,25.97,1.0,176,176,161,91.477
000021,5,Car,26.83,1.0,113,113,113,100.0
000021,6,Car,32.13,1.0,50,50,40,80.0
000021,7,Car,31.78,1.0,28,28,28,100.0
000021,1,Car,13.3,2.0,850,850,789,92.824
000021,2,Car,17.6,2.0,238,238,236,99.16
000021,3,Van,21.3,2.0,964,964,904,93.776
000021,4,Car,25.97,2.0,176,176,122,69.318
000021,5,Car,26.83,2.0,113,113,88,77.876
000021,6,Car,32.13,2.0,50,50,14,28.0
000021,7,Car,31.78,2.0,28,28,28,100.0
000021,1,Car,13.3,3.0,850,850,717,84.353
000021,2,Car,17.6,3.0,238,238,227,95.378
000021,3,Van,21.3,3.0,964,964,829,85.996
000021,4,Car,25.97,3.0,176,176,77,43.75
000021,5,Car,26.83,3.0,113,113,51,45.133
000021,6,Car,32.13,3.0,50,50,7,14.0
000021,7,Car,31.78,3.0,28,28,3,10.714
000023,2,Cyclist,44.76,0.0,20,20,20,100.0
000023,2,Cyclist,44.76,0.5,20,20,12,60.0
000023,2,Cyclist,44.76,1.0,20,20,0,0.0
000023,2,Cyclist,44.76,2.0,20,20,0,0.0
000023,2,Cyclist,44.76,3.0,20,20,0,0.0
000025,1,Car,10.42,0.0,1121,1121,1121,100.0
000025,2,Car,30.18,0.0,61,61,61,100.0
000025,3,Car,17.48,0.0,316,316,316,100.0
000025,4,Cyclist,44.63,0.0,21,21,21,100.0
000025,5,Car,22.3,0.0,27,27,27,100.0
000025,1,Car,10.42,0.5,1121,1121,1118,99.732
000025,2,Car,30.18,0.5,61,61,56,91.803
000025,3,Car,17.48,0.5,316,316,312,98.734
000025,4,Cyclist,44.63,0.5,21,21,5,23.81
000025,5,Car,22.3,0.5,27,27,14,51.852
000025,1,Car,10.42,1.0,1121,1121,1095,97.681
000025,2,Car,30.18,1.0,61,61,48,78.689
000025,3,Car,17.48,1.0,316,316,293,92.722
000025,4,Cyclist,44.63,1.0,21,21,0,0.0
000025,5,Car,22.3,1.0,27,27,2,7.407
000025,1,Car,10.42,2.0,1121,1121,1015,90.544
000025,2,Car,30.18,2.0,61,61,25,40.984
000025,3,Car,17.48,2.0,316,316,233,73.734
000025,4,Cyclist,44.63,2.0,21,21,0,0.0
000025,5,Car,22.3,2.0,27,27,0,0.0
000025,1,Car,10.42,3.0,1121,1121,929,82.872
000025,2,Car,30.18,3.0,61,61,8,13.115
000025,3,Car,17.48,3.0,316,316,165,52.215
000025,4,Cyclist,44.63,3.0,21,21,0,0.0
000025,5,Car,22.3,3.0,27,27,0,0.0
000031,0,Car,12.2,0.0,1028,1028,1028,100.0
000031,1,Car,8.46,0.0,1028,1028,1028,100.0
000031,2,Car,13.14,0.0,517,517,517,100.0
000031,3,Truck,22.27,0.0,328,328,328,100.0
000031,4,Car,26.41,0.0,141,141,141,100.0
000031,0,Car,12.2,0.5,1028,1028,1025,99.708
000031,1,Car,8.46,0.5,1028,1028,1028,100.0
000031,2,Car,13.14,0.5,517,517,508,98.259
000031,3,Truck,22.27,0.5,328,328,320,97.561
000031,4,Car,26.41,0.5,141,141,131,92.908
000031,0,Car,12.2,1.0,1028,1028,1000,97.276
000031,1,Car,8.46,1.0,1028,1028,1017,98.93
000031,2,Car,13.14,1.0,517,517,491,94.971
000031,3,Truck,22.27,1.0,328,328,304,92.683
000031,4,Car,26.41,1.0,141,141,110,78.014
000031,0,Car,12.2,2.0,1028,1028,903,87.84
000031,1,Car,8.46,2.0,1028,1028,977,95.039
000031,2,Car,13.14,2.0,517,517,432,83.559
000031,3,Truck,22.27,2.0,328,328,255,77.744
000031,4,Car,26.41,2.0,141,141,68,48.227
000031,0,Car,12.2,3.0,1028,1028,801,77.918
000031,1,Car,8.46,3.0,1028,1028,953,92.704
000031,2,Car,13.14,3.0,517,517,351,67.892
000031,3,Truck,22.27,3.0,328,328,209,63.72
000031,4,Car,26.41,3.0,141,141,29,20.567
000032,0,Car,9.0,0.0,1435,1435,1435,100.0
000032,1,Car,8.6,0.0,1350,1350,1350,100.0
000032,2,Van,14.34,0.0,803,803,803,100.0
000032,3,Car,13.47,0.0,410,410,410,100.0
000032,4,Car,19.85,0.0,71,71,71,100.0
000032,5,Van,22.71,0.0,584,584,584,100.0
000032,6,Car,25.25,0.0,75,75,75,100.0
000032,7,Van,44.71,0.0,64,64,64,100.0
000032,8,Van,39.04,0.0,154,154,154,100.0
000032,9,Car,44.75,0.0,39,39,39,100.0
000032,0,Car,9.0,0.5,1435,1435,1435,100.0
000032,1,Car,8.6,0.5,1350,1350,1350,100.0
000032,2,Van,14.34,0.5,803,803,803,100.0
000032,3,Car,13.47,0.5,410,410,410,100.0
000032,4,Car,19.85,0.5,71,71,59,83.099
000032,5,Van,22.71,0.5,584,584,584,100.0
000032,6,Car,25.25,0.5,75,75,75,100.0
000032,7,Van,44.71,0.5,64,64,58,90.625
000032,8,Van,39.04,0.5,154,154,153,99.351
000032,9,Car,44.75,0.5,39,39,34,87.179
000032,0,Car,9.0,1.0,1435,1435,1435,100.0
000032,1,Car,8.6,1.0,1350,1350,1332,98.667
000032,2,Van,14.34,1.0,803,803,803,100.0
000032,3,Car,13.47,1.0,410,410,395,96.341
000032,4,Car,19.85,1.0,71,71,46,64.789
000032,5,Van,22.71,1.0,584,584,584,100.0
000032,6,Car,25.25,1.0,75,75,73,97.333
000032,7,Van,44.71,1.0,64,64,43,67.188
000032,8,Van,39.04,1.0,154,154,135,87.662
000032,9,Car,44.75,1.0,39,39,25,64.103
000032,0,Car,9.0,2.0,1435,1435,1420,98.955
000032,1,Car,8.6,2.0,1350,1350,1272,94.222
000032,2,Van,14.34,2.0,803,803,788,98.132
000032,3,Car,13.47,2.0,410,410,352,85.854
000032,4,Car,19.85,2.0,71,71,18,25.352
000032,5,Van,22.71,2.0,584,584,584,100.0
000032,6,Car,25.25,2.0,75,75,56,74.667
000032,7,Van,44.71,2.0,64,64,15,23.438
000032,8,Van,39.04,2.0,154,154,110,71.429
000032,9,Car,44.75,2.0,39,39,8,20.513
000032,0,Car,9.0,3.0,1435,1435,1362,94.913
000032,1,Car,8.6,3.0,1350,1350,1212,89.778
000032,2,Van,14.34,3.0,803,803,754,93.898
000032,3,Car,13.47,3.0,410,410,298,72.683
000032,4,Car,19.85,3.0,71,71,8,11.268
000032,5,Van,22.71,3.0,584,584,584,100.0
000032,6,Car,25.25,3.0,75,75,42,56.0
000032,7,Van,44.71,3.0,64,64,0,0.0
000032,8,Van,39.04,3.0,154,154,81,52.597
000032,9,Car,44.75,3.0,39,39,0,0.0
000043,0,Pedestrian,12.56,0.0,150,150,150,100.0
000043,1,Pedestrian,12.34,0.0,182,182,182,100.0
000043,2,Pedestrian,20.51,0.0,85,85,85,100.0
000043,3,Pedestrian,20.3,0.0,86,86,86,100.0
000043,0,Pedestrian,12.56,0.5,150,150,133,88.667
000043,1,Pedestrian,12.34,0.5,182,182,149,81.868
000043,2,Pedestrian,20.51,0.5,85,85,67,78.824
000043,3,Pedestrian,20.3,0.5,86,86,65,75.581
000043,0,Pedestrian,12.56,1.0,150,150,84,56.0
000043,1,Pedestrian,12.34,1.0,182,182,104,57.143
000043,2,Pedestrian,20.51,1.0,85,85,36,42.353
000043,3,Pedestrian,20.3,1.0,86,86,23,26.744
000043,0,Pedestrian,12.56,2.0,150,150,6,4.0
000043,1,Pedestrian,12.34,2.0,182,182,6,3.297
000043,2,Pedestrian,20.51,2.0,85,85,0,0.0
000043,3,Pedestrian,20.3,2.0,86,86,0,0.0
000043,0,Pedestrian,12.56,3.0,150,150,0,0.0
000043,1,Pedestrian,12.34,3.0,182,182,0,0.0
000043,2,Pedestrian,20.51,3.0,85,85,0,0.0
000043,3,Pedestrian,20.3,3.0,86,86,0,0.0
000048,0,Pedestrian,16.82,0.0,108,108,108,100.0
000048,1,Pedestrian,17.03,0.0,125,125,125,100.0
000048,2,Pedestrian,16.26,0.0,96,96,96,100.0
000048,3,Cyclist,30.42,0.0,41,41,41,100.0
000048,0,Pedestrian,16.82,0.5,108,108,83,76.852
000048,1,Pedestrian,17.03,0.5,125,125,105,84.0
000048,2,Pedestrian,16.26,0.5,96,96,61,63.542
000048,3,Cyclist,30.42,0.5,41,41,37,90.244
000048,0,Pedestrian,16.82,1.0,108,108,36,33.333
000048,1,Pedestrian,17.03,1.0,125,125,69,55.2
000048,2,Pedestrian,16.26,1.0,96,96,19,19.792
000048,3,Cyclist,30.42,1.0,41,41,18,43.902
000048,0,Pedestrian,16.82,2.0,108,108,2,1.852
000048,1,Pedestrian,17.03,2.0,125,125,0,0.0
000048,2,Pedestrian,16.26,2.0,96,96,0,0.0
000048,3,Cyclist,30.42,2.0,41,41,0,0.0
000048,0,Pedestrian,16.82,3.0,108,108,0,0.0
000048,1,Pedestrian,17.03,3.0,125,125,0,0.0
000048,2,Pedestrian,16.26,3.0,96,96,0,0.0
000048,3,Cyclist,30.42,3.0,41,41,0,0.0
000049,0,Car,21.55,0.0,206,206,206,100.0
000049,1,Car,13.75,0.0,930,930,930,100.0
000049,2,Car,21.82,0.0,140,140,140,100.0
000049,3,Car,24.83,0.0,79,79,79,100.0
000049,4,Car,32.49,0.0,18,18,18,100.0
000049,5,Van,45.7,0.0,79,79,79,100.0
000049,7,Car,9.53,0.0,571,571,571,100.0
000049,8,Car,14.89,0.0,432,432,432,100.0
000049,9,Car,20.2,0.0,198,198,198,100.0
000049,10,Pedestrian,32.55,0.0,37,37,37,100.0
000049,11,Car,31.83,0.0,74,74,74,100.0
000049,12,Car,12.04,0.0,437,437,437,100.0
000049,13,Car,17.23,0.0,312,312,312,100.0
000049,15,Car,21.69,0.0,8,8,8,100.0
000049,16,Van,32.04,0.0,261,261,261,100.0
000049,17,Car,17.43,0.0,49,49,49,100.0
000049,0,Car,21.55,0.5,206,206,190,92.233
000049,1,Car,13.75,0.5,930,930,925,99.462
000049,2,Car,21.82,0.5,140,140,140,100.0
000049,3,Car,24.83,0.5,79,79,79,100.0
000049,4,Car,32.49,0.5,18,18,18,100.0
000049,5,Van,45.7,0.5,79,79,79,100.0
000049,7,Car,9.53,0.5,571,571,565,98.949
000049,8,Car,14.89,0.5,432,432,426,98.611
000049,9,Car,20.2,0.5,198,198,195,98.485
000049,10,Pedestrian,32.55,0.5,37,37,24,64.865
000049,11,Car,31.83,0.5,74,74,74,100.0
000049,12,Car,12.04,0.5,437,437,437,100.0
000049,13,Car,17.23,0.5,312,312,312,100.0
000049,15,Car,21.69,0.5,8,8,8,100.0
000049,16,Van,32.04,0.5,261,261,250,95.785
000049,17,Car,17.43,0.5,49,48,48,97.959
000049,0,Car,21.55,1.0,206,206,165,80.097
000049,1,Car,13.75,1.0,930,930,903,97.097
000049,2,Car,21.82,1.0,140,140,140,100.0
000049,3,Car,24.83,1.0,79,79,79,100.0
000049,4,Car,32.49,1.0,18,18,18,100.0
000049,5,Van,45.7,1.0,79,79,76,96.203
000049,7,Car,9.53,1.0,571,571,543,95.096
000049,8,Car,14.89,1.0,432,432,406,93.981
000049,9,Car,20.2,1.0,198,198,167,84.343
000049,10,Pedestrian,32.55,1.0,37,37,2,5.405
000049,11,Car,31.83,1.0,74,74,74,100.0
000049,12,Car,12.04,1.0,437,437,437,100.0
000049,13,Car,17.23,1.0,312,312,312,100.0
000049,15,Car,21.69,1.0,8,8,8,100.0
000049,16,Van,32.04,1.0,261,261,235,90.038
000049,17,Car,17.43,1.0,49,41,41,83.673
000049,0,Car,21.55,2.0,206,206,116,56.311
000049,1,Car,13.75,2.0,930,930,854,91.828
000049,2,Car,21.82,2.0,140,140,140,100.0
000049,3,Car,24.83,2.0,79,79,79,100.0
000049,4,Car,32.49,2.0,18,18,18,100.0
000049,5,Van,45.7,2.0,79,79,69,87.342
000049,7,Car,9.53,2.0,571,571,495,86.69
000049,8,Car,14.89,2.0,432,432,359,83.102
000049,9,Car,20.2,2.0,198,198,102,51.515
000049,10,Pedestrian,32.55,2.0,37,37,0,0.0
000049,11,Car,31.83,2.0,74,74,73,98.649
000049,12,Car,12.04,2.0,437,421,421,96.339
000049,13,Car,17.23,2.0,312,312,311,99.679
000049,15,Car,21.69,2.0,8,8,8,100.0
000049,16,Van,32.04,2.0,261,261,199,76.245
000049,17,Car,17.43,2.0,49,20,20,40.816
000049,0,Car,21.55,3.0,206,206,74,35.922
000049,1,Car,13.75,3.0,930,930,797,85.699
000049,2,Car,21.82,3.0,140,140,138,98.571
000049,3,Car,24.83,3.0,79,79,76,96.203
000049,4,Car,32.49,3.0,18,18,18,100.0
000049,5,Van,45.7,3.0,79,79,59,74.684
000049,7,Car,9.53,3.0,571,571,464,81.261
000049,8,Car,14.89,3.0,432,432,298,68.981
000049,9,Car,20.2,3.0,198,198,38,19.192
000049,10,Pedestrian,32.55,3.0,37,37,0,0.0
000049,11,Car,31.83,3.0,74,74,62,83.784
000049,12,Car,12.04,3.0,437,385,385,88.101
000049,13,Car,17.23,3.0,312,312,292,93.59
000049,15,Car,21.69,3.0,8,8,7,87.5
000049,16,Van,32.04,3.0,261,261,168,64.368
000049,17,Car,17.43,3.0,49,10,10,20.408
000061,0,Van,15.23,0.0,989,989,989,100.0
000061,1,Car,10.93,0.0,108,108,108,100.0
000061,2,Car,33.21,0.0,6,6,6,100.0
000061,3,Car,16.63,0.0,145,145,145,100.0
000061,5,Van,40.44,0.0,14,14,14,100.0
000061,0,Van,15.23,0.5,989,989,987,99.798
000061,1,Car,10.93,0.5,108,73,73,67.593
000061,2,Car,33.21,0.5,6,6,6,100.0
000061,3,Car,16.63,0.5,145,145,145,100.0
000061,5,Van,40.44,0.5,14,14,11,78.571
000061,0,Van,15.23,1.0,989,989,959,96.967
000061,1,Car,10.93,1.0,108,34,34,31.481
000061,2,Car,33.21,1.0,6,6,4,66.667
000061,3,Car,16.63,1.0,145,144,144,99.31
000061,5,Van,40.44,1.0,14,14,9,64.286
000061,0,Van,15.23,2.0,989,989,855,86.451
000061,1,Car,10.93,2.0,108,0,0,0.0
000061,2,Car,33.21,2.0,6,6,0,0.0
000061,3,Car,16.63,2.0,145,121,121,83.448
000061,5,Van,40.44,2.0,14,14,5,35.714
000061,0,Van,15.23,3.0,989,989,739,74.722
000061,1,Car,10.93,3.0,108,0,0,0.0
000061,2,Car,33.21,3.0,6,6,0,0.0
000061,3,Car,16.63,3.0,145,65,65,44.828
000061,5,Van,40.44,3.0,14,14,0,0.0
